Symbol,Name,Sector
A,"Agilent Technologies Inc","Information Technology"
AA,"Alcoa Inc",Materials
AAN,"Aaron's Inc.","Consumer Discretionary"
AAON,"Aaon Inc",Industrials
AAP,"Advance Auto Parts Inc","Consumer Discretionary"
AAPL,"Apple Inc.","Information Technology"
AAT,"American Assets Trust Inc.",Financials
AAWW,"Atlas Air Worldwide Holdings Inc.",Industrials
ABAX,"Abaxis Inc","Health Care"
ABBV,"AbbVie Inc.","Health Care"
ABC,"AmerisourceBergen Corp","Health Care"
ABM,"ABM Industries Inc",Industrials
ABMD,"Abiomed Inc.","Health Care"
ABT,"Abbott Laboratories","Health Care"
ACAT,"Arctic Cat Inc","Consumer Discretionary"
ACC,"American Campus Communities Inc.",Financials
ACE,"ACE Limited",
ACET,"Aceto Corp.",Industrials
ACI,"Arch Coal",Energy
ACIW,"ACI Worldwide Inc","Information Technology"
ACM,"Aecom Technology Corp",Industrials
ACN,"Accenture plc","Information Technology"
ACOR,"Acorda Therapeutics Inc.","Health Care"
ACT,"Actavis, Inc.","Health Care"
ACXM,"Acxiom Corp","Information Technology"
ADBE,"Adobe Systems Inc","Information Technology"
ADC,"Agree Realty Corp.",Financials
ADI,"Analog Devices Inc","Information Technology"
ADM,"Archer-Daniels-Midland Co","Consumer Staples"
ADP,"Automatic Data Processing","Information Technology"
ADS,"Alliance Data Systems Corp","Information Technology"
ADSK,"Autodesk Inc","Information Technology"
ADT,"ADT Corp.",Industrials
ADTN,"ADTRAN Inc","Information Technology"
ADVS,"Advent Software Inc","Information Technology"
AEC,"Associated Estates Realty Corp.",Financials
AEE,"Ameren Corp",Utilities
AEGN,"Insituform Technologies Inc",Industrials
AEIS,"Advanced Energy Industries","Information Technology"
AEO,"American Eagle Outfitters","Consumer Discretionary"
AEP,"American Electric Power",Utilities
AES,"AES Corp",Utilities
AET,"Aetna Inc","Health Care"
AF,"Astoria Financial Corp (NY)",Financials
AFAM,"Almost Family Inc","Health Care"
AFFX,"Affymetrix Inc","Health Care"
AFG,"American Financial Group",Financials
AFL,"AFLAC Inc",Financials
AGCO,"AGCO Corp",Industrials
AGN,"Allergan Inc","Health Care"
AGYS,"Agilysys Inc","Information Technology"
AHL,"Aspen Insurance Holdings Ltd.",Financials
AHS,"AMN Healthcare Services Inc","Health Care"
AIG,"American Intl Group Inc",Financials
AIN,"Albany Intl Corp A",Industrials
AIR,"AAR Corp",Industrials
AIRM,"Air Methods Corp","Health Care"
AIT,"Applied Industrial Technologies",Industrials
AIV,"Apartment Investment & Mgmt",Financials
AIZ,"Assurant Inc",Financials
AJG,"Gallagher	Financials",
AKAM,"Akamai Technologies Inc","Information Technology"
AKR,"Acadia Realty Trust",Financials
AKRX,"Akorn, Inc.","Health Care"
AKS,"AK Steel Hldg Corp",Materials
ALB,"Albemarle Corp",Materials
ALE,"Allete Inc",Utilities
ALEX,"Alexander & Baldwin Inc",Industrials
ALGN,"Align Technology Inc","Health Care"
ALGT,"Allegiant Travel Co",Services
ALK,"Alaska Air Group Inc",Industrials
ALL,"Allstate Corp",Financials
ALLE,"Allegion plc",Industrials
ALOG,"Analogic Corp","Health Care"
ALTR,"Altera Corp","Information Technology"
ALXN,"Alexion Pharmaceuticals, Inc.","Health Care"
AMAT,"Applied Materials Inc","Information Technology"
AMCX,"AMC Networks Inc.","Consumer Discretionary"
AMD,"Advanced Micro Devices","Information Technology"
AME,"AMETEK Inc",Industrials
AMED,"Amedisys Inc","Health Care"
AMG,"Affiliated Managers Grp",Financials
AMGN,"Amgen Inc","Health Care"
AMP,"Ameriprise Financial Inc",Financials
AMRI,"Albany Molecular Research Inc.","Health Care"
AMSF,Amerisafe,Financials
AMSG,"Amsurg Corp","Health Care"
AMT,"American Tower Corp A","Telecommunications Services"
AMWD,"American Woodmark Corp.",Industrials
AMZN,"Amazon.com Inc","Consumer Discretionary"
AN,"AutoNation Inc","Consumer Discretionary"
ANDE,"Andersons Inc","Consumer Staples"
ANF,"Abercrombie & Fitch Company A","Consumer Discretionary"
ANIK,"Anika Therapeutics Inc.","Health Care"
ANN,"AnnTaylor Stores Corp","Consumer Discretionary"
ANSS,"ANSYS Inc","Information Technology"
AOI,"Alliance One International Inc","Consumer Staples"
AOL,"AOL Inc",Technology
AON,"Aon Corp",Financials
AOS,"Smith	Industrials",
APA,"Apache Corp",Energy
APC,"Anadarko Petroleum Corp",Energy
APD,"Air Products & Chemicals Inc",Materials
APEI,"American Public Education Inc","Consumer Discretionary"
APH,"Amphenol Corp A","Information Technology"
APOG,"Apogee Enterprises Inc",Industrials
APOL,"Apollo Group Inc","Consumer Discretionary"
ARCB,"ArcBest Corp",Industrials
ARE,"Alexandria Real Estate Eqty",Financials
AREX,"Approach Resources Inc.",Energy
ARG,"Airgas Inc",Materials
ARO,"Aeropostale Inc","Consumer Discretionary"
ARRS,"Arris Group Inc","Information Technology"
ARW,"Arrow Electronics Inc","Information Technology"
ASBC,"Associated Banc-Corp (IL)",Financials
ASEI,"American Science & Engineering",Industrials
ASGN,"On Assignment Inc",Industrials
ASH,"Ashland Inc",Materials
ASNA,"Dress Barn Inc","Consumer Discretionary"
ASTE,"Astec Industries Inc",Industrials
ATI,"Allegheny Technologies Inc",Materials
ATK,"Alliant Techsystems Hldgs",Industrials
ATML,"Atmel Corp","Information Technology"
ATNI,"Atlantic Tele-Network","Telecommunciation Services"
ATO,"Atmos Energy Corp",Utilities
ATR,"AptarGroup Inc",Materials
ATU,"Actuant Corp",Industrials
ATW,"Atwood Oceanics Inc",Energy
AVA,"Avista Corp",Utilities
AVAV,"Aerovironment Inc",Industrials
AVB,"AvalonBay Communities Inc",Financials
AVD,"American Vanguard Corp",Materials
AVGO,"Avago Technologies","Information Technology"
AVP,"Avon Products","Consumer Staples"
AVT,"Avnet Inc","Information Technology"
AVY,"Avery Dennison Corp",Industrials
AWR,"American States Water Co",Utilities
AXE,"Anixter Intl Inc","Information Technology"
AXP,"American Express Co",Financials
AYI,"Acuity Brands Inc",Industrials
AZO,"AutoZone Inc","Consumer Discretionary"
AZZ,"AZZ Incorporated",Industrials
B,"Barnes Group Inc",Industrials
BA,"Boeing Co",Industrials
BABY,"Natus Medical Inc","Health Care"
BAC,"Bank of America Corp",Financials
BANR,"Banner Corp.",Financials
BAS,"Basic Energy Services",Energy
BAX,"Baxter Intl Inc","Health Care"
BBBY,"Bed Bath & Beyond Inc","Consumer Discretionary"
BBCN,"Nara Bancorp Inc",Financials
BBG,"Bill Barrett Corp",Energy
BBOX,"Black Box Corp","Information Technology"
BBT,"BB&T Corp",Financials
BBY,"Best Buy Co Inc","Consumer Discretionary"
BC,"Brunswick Corp","Consumer Discretionary"
BCC,"Boise Cascade Co.",Materials
BCO,"The Brink's Co",Industrials
BCOR,"Blucora, Inc.","Information Technology"
BCPC,"Balchem Corp",Materials
BCR,"Bard	Health Care",
BDC,"Belden Inc",Industrials
BDX,"Becton	Health Care",
BEAV,"BE Aerospace Inc",Industrials
BELFB,"Bel Fuse Inc B","Information Technology"
BEN,"Franklin Resources Inc",Financials
BF_B,"Brown-Forman Corp B","Consumer Staples"
BFS,"Saul Centers Inc.",Financials
BGC,"General Cable Corp.",Industrials
BGFV,"Big 5 Sporting Goods Corp","Consumer Discretionary"
BGG,"Briggs & Stratton Corp",Industrials
BGS,"B&G Foods Inc.","Consumer Staples"
BH,"Biglari Holdings Inc",Services
BHE,"Benchmark Electronics Inc","Information Technology"
BHI,"Baker Hughes Inc",Energy
BID,Sotheby's,"Consumer Discretionary"
BIG,"Big Lots Inc","Consumer Discretionary"
BIIB,"Biogen Idec Inc","Health Care"
BIO,"Bio-Rad Laboratories Inc","Health Care"
BJRI,"BJ's Restaurants Inc","Consumer Discretionary"
BK,"The Bank of New York Mellon Corp",Financials
BKE,"Buckle Inc","Consumer Discretionary"
BKH,"Black Hills Corp",Utilities
BKMU,"Bank Mutual Corp",Financials
BKS,"Barnes & Noble Inc","Consumer Discretionary"
BLK,"BlackRock Inc.",Financials
BLKB,"Blackbaud Inc","Information Technology"
BLL,"Ball Corp",Materials
BMI,"Badger Meter Inc",Industrials
BMR,"BioMed Realty Trust Inc",Financials
BMS,"Bemis Co Inc",Materials
BMY,"Bristol-Myers Squibb","Health Care"
BNNY,"Annie?s Inc.","Consumer Staples"
BOBE,"Bob Evans Farms","Consumer Discretionary"
BOFI,"BofI Holding Inc.",Financials
BOH,"Bank of Hawaii Corp",Financials
BPFH,"Boston Private Finl Hldgs Inc",Financials
BR,"Broadridge Financial Solutions LLC","Information Technology"
BRC,"Brady Corporation",Industrials
BRCM,"Broadcom Corp A","Information Technology"
BRK_B,"Berkshire Hathaway B",
BRKL,"Brookline Bancorp Inc",Financials
BRKS,"Brooks Automation Inc","Information Technology"
BRLI,"Bio Reference Laboratories Inc","Health Care"
BRO,"Brown & Brown Inc",Financials
BRS,"Bristow Group Inc",Energy
BSX,"Boston Scientific Corp","Health Care"
BTU,"Peabody Energy Corp",Energy
BWA,"Borgwarner Inc","Consumer Discretionary"
BWLD,"Buffalo Wild Wings","Consumer Discretionary"
BWS,"Brown Shoe Co Inc","Consumer Discretionary"
BXP,"Boston Properties Inc",Financials
BXS,"BancorpSouth Inc (MS)",Financials
BYD,"Boyd Gaming Corp","Consumer Discretionary"
BYI,"Bally Technologies Inc",Services
C,"Citigroup Inc",Financials
CA,"CA Inc","Information Technology"
CAB,"Cabela's Inc Class A","Consumer Discretionary"
CACI,"CACI Intl Inc A","Information Technology"
CAG,"ConAgra Foods Inc","Consumer Staples"
CAH,"Cardinal Health Inc","Health Care"
CAKE,"Cheesecake Factory Inc","Consumer Discretionary"
CALM,"Cal Maine Foods Inc","Consumer Staples"
CAM,"Cameron International Corp",Energy
CAMP,"CalAmp Corp.","Information Technology"
CAS,"Castle	Materials",
CASY,"Casey's General Stores Inc","Consumer Staples"
CAT,"Caterpillar Inc",Industrials
CATM,"Cardtronics Inc.","Information Technology"
CATO,"Cato Corp A","Consumer Discretionary"
CATY,"Cathay General Bancorp",Financials
CB,"Chubb Corp",Financials
CBB,"Cincinnati Bell Inc","Telecommunications Services"
CBEY,"Cbeyond	Telecommunications Services",
CBG,"CB Richard Ellis Group Inc A",Financials
CBK,"Christopher & Banks Corp","Consumer Discretionary"
CBM,"Cambrex Corp","Health Care"
CBOE,"CBOE Holdings, Inc.",Financials
CBR,"CIBER Inc","Information Technology"
CBRL,"Cracker Barrel Old Country Store Inc","Consumer Discretionary"
CBS,"CBS Corp B","Consumer Discretionary"
CBSH,"Commerce Bancshares Inc (MO)",Financials
CBST,"Cubist Pharmaceuticals Inc","Health Care"
CBT,"Cabot Corp",Materials
CBU,"Community Bank System",Financials
CCC,"Calgon Carbon Corp",Materials
CCE,"Coca-Cola Enterprises","Consumer Staples"
CCI,"Crown Castle International Corp.","Telecommunication Services"
CCL,"Carnival Corp","Consumer Discretionary"
CCMP,"Cabot Microelectronics Corp","Information Technology"
CCRN,"Cross Country Healthcare Inc","Health Care"
CDI,"CDI Corp",Industrials
CDNS,"Cadence Design Systems Inc","Information Technology"
CDR,"Cedar Shopping Centres Inc",Financials
CEB,"Corporate Executive Board Co",Industrials
CECO,"Career Education Corp","Consumer Discretionary"
CELG,"Celgene Corp","Health Care"
CENTA,"Central Garden & Pet Co A","Consumer Staples"
CENX,"Century Aluminum Co",Materials
CERN,"Cerner Corp","Health Care"
CEVA,"CEVA Inc.","Information Technology"
CF,"CF Industries Holdings",Materials
CFN,"CareFusion Corp.","Health Care"
CFNL,"Cardinal Financial Corp.",Financials
CFR,"Cullen Frost Bankers (TX)",Financials
CGNX,"Cognex Corp","Information Technology"
CHCO,"City Hldg Co",Financial
CHD,"Church & Dwight Co","Consumer Staples"
CHE,"Chemed Corp","Health Care"
CHK,"Chesapeake Energy Corp",Energy
CHRW,"CH Robinson Worldwide Inc",Industrials
CHS,"Chico's Fas Inc","Consumer Discretionary"
CHSP,"Chesapeake Lodging Trust",Financials
CI,"CIGNA Corp","Health Care"
CIEN,"CIENA Corp","Information Technology"
CINF,"Cincinnati Financial Corp",Financials
CIR,"Circor Intl Inc",Industrials
CJES,"C&J Energy Services Inc.",Energy
CKH,"SEACOR Holdings Inc.",Energy
CKP,"Checkpoint Systems Inc","Information Technology"
CL,"Colgate-Palmolive Co","Consumer Staples"
CLC,"CLARCOR Inc",Industrials
CLD,"Cloud Peak Energy",Energy
CLF,"Cliffs Natural Resources Inc",Materials
CLGX,"CoreLogic Inc.",Financial
CLH,"Clean Harbors Inc",Industrials
CLI,"Mack-Cali Realty Corp",Financials
CLMS,"Calamos Asset Management Inc.",Financials
CLW,"Clearwater Paper Corp",Materials
CLX,"Clorox Co","Consumer Staples"
CMA,"Comerica Inc (MI)",Financials
CMC,"Commercial Metals Co",Materials
CMCSA,"Comcast Corp","Consumer Discretionary"
CME,"Chicago Mercantile Exchange",Financials
CMG,"Chipotle Mexican Grill Inc.","Consumer Discretionary"
CMI,"Cummins Inc",Industrials
CMN,"Cantel Medical Corp",Healthcare
CMO,"Capstead Mortgage Corp.",Finance
CMP,"Compass Minerals International",Materials
CMS,"CMS Energy Corp",Utilities
CMTL,"Comtech Telecommunications","Information Technology"
CNC,"Centene Corp","Health Care"
CNK,"Cinemark Holdings, Inc.","Consumer Discretionary"
CNL,"Cleco Corp",Utilities
CNMD,"Conmed Corp","Health Care"
CNP,"Centerpoint Energy Inc",Utilities
CNQR,"Concur Technologies Inc","Information Technology"
CNVR,"Conversant, Inc.","Information Technology"
CNW,"Con-way Inc",Industrials
CNX,"CONSOL Energy Inc",Energy
COF,"Capital One Financial",Financials
COG,"Cabot Oil & Gas A",Energy
COH,"Coach Inc","Consumer Discretionary"
COHR,"Coherent Inc.","Information Technology"
COHU,"Cohu Inc","Information Technology"
COL,"Rockwell Collins",Industrials
COLB,"Columbia Banking System Inc",Financials
COO,"Cooper Companies Inc","Health Care"
COP,ConocoPhillips,Energy
COR,"Coresite Realty",Financials
COST,"Costco Wholesale Corp","Consumer Staples"
COV,"Covidien plc","Health Care"
CPB,"Campbell Soup Co","Consumer Staples"
CPLA,"Capella Education Co","Consumer Discretionary"
CPRT,"Copart Inc",Industrials
CPSI,"Computer Programs & Systems Inc","Health Care"
CPT,"Camden Property Trust",Financials
CPWR,"Compuware Corp","Information Technology"
CR,"Crane Co",Industrials
CREE,"Cree Inc","Information Technology"
CRI,"Carters Inc","Consumer Discretionary"
CRK,"Comstock Res Inc",Energy
CRL,"Charles River Laboratories","Health Care"
CRM,Salesforce.com,"Information Technology"
CROX,CROCS,"Consumer Discretionary"
CRR,"Carbo Ceramics Inc",Energy
CRS,"Carpenter Technology Corp",Materials
CRUS,"Cirrus Logic Inc.","Information Technology"
CRVL,"Corvel Corp","Health Care"
CRY,"Cryolife Inc","Health Care"
CRZO,"Carrizo Oil & Gas Inc.",Energy
CSC,"Computer Sciences","Information Technology"
CSCO,"Cisco Systems Inc","Information Technology"
CSGS,"CSG Systems Intl Inc","Information Technology"
CSH,"Cash America Intl Inc",Financials
CSL,"Carlisle Cos",Industrials
CST,"CST Brands Inc.","Consumer Discretionary"
CSX,"CSX Corp",Industrials
CTAS,"Cintas Corp",Industrials
CTL,"CenturyLink Inc","Telecommunications Services"
CTRE,"CareTrust REIT Inc.",Financials
CTS,"CTS Corp","Information Technology"
CTSH,"Cognizant Tech Solutions Corp","Information Technology"
CTXS,"Citrix Systems Inc","Information Technology"
CUB,"Cubic Corp",Industrials
CUZ,"Cousins Properties",Financials
CVBF,"CVB Financial Corp.",Financials
CVC,"Cablevision Systems Corp.","Consumer Discretionary"
CVD,"Covance Inc","Health Care"
CVEO,"Civeo Corp.",Industrials
CVG,"Convergys Corp","Information Technology"
CVGW,"Calavo Growers Inc","Consumer Goods"
CVLT,"Commvault Systems","Information Technology"
CVS,"CVS Caremark Corp.","Consumer Staples"
CVX,"Chevron Corp",Energy
CW,"Curtiss-Wright Corp",Industrials
CXW,"Corrections Corp of America",Industrials
CY,"Cypress Semiconductor Corp","Information Technology"
CYBX,"Cyberonics Inc","Health Care"
CYH,"Community Health Systems","Health Care"
CYN,"City National Corp (CA)",Financials
CYNO,Cynosure,"Health Care"
CYT,"Cytec Industries Inc",Materials
D,"Dominion Resources Inc",Utilities
DAKT,"Daktronics Inc","Information Technology"
DAL,"Delta Air Lines",Industrials
DAR,"Darling Intl Inc","Consumer Staples"
DBD,"Diebold Inc","Information Technology"
DCI,"Donaldson Co",Industrials
DCOM,"Dime Community Bancshares Inc",Financials
DD,"DuPont	Materials",
DDD,"3D Systems Corp.","Information Technology"
DE,"Deere & Co",Industrials
DECK,"Deckers Outdoor","Consumer Discretionary"
DEL,"Deltic Timber",Materials
DF,"Dean Foods Co","Consumer Staples"
DFS,"Discover Financial Services",Financials
DG,"Dollar General Corp.","Consumer Discretionary"
DGII,"Digi Intl Inc","Information Technology"
DGX,"Quest Diagnostics","Health Care"
DHI,"Horton	Consumer Discretionary",
DHR,"Danaher Corp",Industrials
DHX,"Dice Holdings, Inc.","Information Technology"
DIN,"DineEquity Inc","Consumer Discretionary"
DIOD,"Diodes Inc","Information Technology"
DIS,"Walt Disney Co","Consumer Discretionary"
DISCA,"Discovery Communications Inc",Services
DKS,"Dick's Sporting Goods Inc","Consumer Discretionary"
DLPH,"Delphi Automotive plc","Consumer Discretionary"
DLTR,"Dollar Tree Inc","Consumer Discretionary"
DLX,"Deluxe Corp",Industrials
DMND,"Diamond Foods","Consumer Staples"
DNB,"Dun & Bradstreet Corp",Industrials
DNOW,"NOW Inc.",Industrials
DNR,"Denbury Resources Inc",Energy
DO,"Diamond Offshore Drilling",Energy
DORM,"Dorman Products Inc.","Consumer Discretionary"
DOV,"Dover Corp",Industrials
DOW,"Dow Chemical",Materials
DPS,"Dr Pepper Snapple Group","Consumer Staples"
DPZ,"Domino?s Pizza","Consumer Discretionary"
DRC,"Dresser-Rand Group Inc.",Energy
DRE,"Duke Realty Corp",Financials
DRH,"Diamondrock Hospitality",Financials
DRI,"Darden Restaurants Inc","Consumer Discretionary"
DRIV,"Digital River Inc","Information Technology"
DRQ,"Dril-Quip Inc",Energy
DSPG,"DSP Group","Information Technology"
DST,"DST Systems Inc","Information Technology"
DTE,"DTE Energy Co",Utilities
DTSI,"DTS Inc","Information Technology"
DTV,"DIRECTV Class A","Consumer Discretionary"
DUK,"Duke Energy Corp",Utilities
DV,"DeVry Inc","Consumer Discretionary"
DVA,"Davita Inc","Health Care"
DVN,"Devon Energy Corp",Energy
DW,"Drew Industries Inc","Consumer Discretionary"
DWA,"DreamWorks Animation SKG","Consumer Discretionary"
DXPE,"DXP Enterprises Inc.",Industrials
DY,"Dycom Industries Inc",Industrials
EA,"Electronic Arts","Information Technology"
EAT,"Brinker Intl Inc","Consumer Discretionary"
EBAY,"eBay Inc.","Information Technology"
EBIX,"Ebix.Com Inc","Information Technology"
EBS,"Emergent Biosolutions Inc",Healthcare
ECL,"Ecolab Inc",Materials
ECPG,"Encore Capital Group Inc.",Financials
ED,"Consolidated Edison Inc",Utilities
EE,"El Paso Electric Co",Utilities
EFII,"Electronics For Imaging","Information Technology"
EFX,"Equifax Inc",Industrials
EGHT,"8x8 Inc.","Telecommunications Services"
EGL,"Engility Holdings Inc.",Industrials
EGN,"Energen Corp",Utilities
EGOV,"NIC Inc.","Information Technology"
EGP,"EastGroup Properties",Financials
EHTH,"eHealth Inc",Financials
EIG,"Employers Holdings Inc",Financials
EIX,"Edison Intl",Utilities
EL,"Estee Lauder Cos.","Consumer Staples"
ELY,"Callaway Golf Co","Consumer Discretionary"
EMC,"EMC Corp","Information Technology"
EME,"Emcor Group Inc",Industrials
EMN,"Eastman Chemical Co",Materials
EMR,"Emerson Electric Co",Industrials
ENDP,"Endo Pharmaceuticals Hldg","Health Care"
ENR,"Energizer Hldgs Inc","Consumer Staples"
ENS,EnerSys,Industrials
ENSG,"THE ENSIGN GROUP",
ENTR,"Entropic Communications Inc.","Information Technology"
EOG,"EOG Resources",Energy
EPAY,"Bottomline Technologies (de) Inc.","Information Technology"
EPIQ,"Epiq Systems Inc","Information Technology"
EPR,"Entertainment Propertie Tr SBI",Financials
EQIX,"Equinix Inc","Information Technology"
EQR,"Equity Residential",Financials
EQT,"EQT Corporation",Utilities
EQY,"Equity One Inc",Financials
ERA,"Era Group Inc.",Energy
ESE,"ESCO Technologies Inc",Industrials
ESI,"ITT Educational Svcs","Consumer Discretionary"
ESIO,"Electro Scientific Inc","Information Technology"
ESL,"Esterline Technologies",Industrials
ESRX,"Express Scripts Inc","Health Care"
ESS,"Essex Property Trust",Financials
ESV,"Ensco plc",Energy
ETFC,"E*TRADE Financial Corp",Financials
ETH,"Ethan Allen Interiors","Consumer Discretionary"
ETN,"Eaton Corp",Industrials
ETR,"Entergy Corp",Utilities
EV,"Eaton Vance Corp",Financials
EVR,"Evercore Partners Inc.",Financials
EW,"Edwards Lifesciences Corp","Health Care"
EWBC,"East West Bancorp Inc",Financials
EXAR,"Exar Corp","Information Technology"
EXC,"Exelon Corp",Utilities
EXH,"Exterran Holdings Inc",Energy
EXLS,"Exlservice Holdings, Inc.","Information Technology"
EXP,"Eagle Materials Inc",Materials
EXPD,"Expeditors Intl of WA Inc",Industrials
EXPE,Expedia,"Consumer Discretionary"
EXPO,"Exponent Inc",Industrials
EXR,"Extra Space Storage Inc",Financials
EZPW,"EZCORP Inc A",Financials
F,"Ford Motor Co","Consumer Discretionary"
FAF,"First American Financial Corp",Financials
FARO,"FARO Technologies Inc","Information Technology"
FAST,"Fastenal Co",Industrials
FB,"Facebook Inc.","Information Technology"
FBHS,"Fortune Brands Home & Security Inc.",Industrials
FBP,"First Bancorp (Puerto Rico)",Financials
FCF,"First Commonwealth Finl (PA)",Financials
FCFS,"First Cash Inc",Financials
FCN,"FTI Consulting",Industrials
FCS,"Fairchild Semiconductor Intl A","Information Technology"
FCX,"Freeport McMoRan Copper & Gold",Materials
FDO,"Family Dollar Stores Inc","Consumer Discretionary"
FDS,"FactSet Research System Inc","Information Technology"
FDX,"FedEx Corp",Industrials
FE,"FirstEnergy Corp",Utilities
FEIC,"FEI Company","Information Technology"
FELE,"Franklin Electric Co.",Industrials
FF,"FutureFuel Corp.",Materials
FFBC,"First Financial Bancorp",Financials
FFIN,"First Financial Bankshs (TX)",Financials
FFIV,"F5 Networks Inc","Information Technology"
FHN,"First Horizon National Corp",Financials
FICO,"Fair Isaac & Co Inc","Information Technology"
FII,"Federated Investors Inc B",Financials
FINL,"Finish Line A","Consumer Discretionary"
FIS,"Fidelity National Information","Information Technology"
FISV,"Fiserv Inc","Information Technology"
FITB,"Fifth Third Bancorp (OH)",Financials
FIX,"Comfort Systems USA Inc",Industrials
FL,"Foot Locker Inc","Consumer Discretionary"
FLIR,"FLIR Systems Inc","Information Technology"
FLO,"Flowers Foods Inc","Consumer Staples"
FLR,"Fluor Corp",Industrials
FLS,"Flowserve Corp",Industrials
FMBI,"First Midwest Bancorp (IL)",Financials
FMC,"FMC Corp",Materials
FMER,"FirstMerit Corp",Financials
FN,Fabrinet,"Information Technology"
FNB,"FNB Corp.",Financials
FNF,"Fidelity National Financial Inc",Financials
FNFG,"First Niagara Finl Group",Financials
FNGN,"Financial Engines Inc.",Financials
FOR,"Forestar Group Inc",Financials
FORR,"Forrester Research Inc","Information Technology"
FOSL,"Fossil Inc","Consumer Discretionary"
FOXA,"Twenty-First Century Fox, Inc.","Consumer Discretionary"
FRAN,"Francesca's Holdings Corp.","Consumer Discretionary"
FRED,"Fred's Inc","Consumer Discretionary"
FRT,"Federal Realty Invt Trust",Financials
FRX,"Forest Laboratories","Health Care"
FSLR,"First Solar Inc",Industrials
FSP,"Franklin Street Properties Corp",Financials
FSS,"Federal Signal Corp",Industrials
FST,"Forest Oil",Energy
FTD,"FTD Companies, Inc.","Consumer Discretionary"
FTI,"FMC Technologies Inc",Energy
FTK,"Flotek Industries Inc.",Materials
FTNT,"Fortinet Inc.","Information Technology"
FTR,"Frontier Communications Corp","Telecommunications Services"
FUL,"Fuller	Materials",
FULT,"Fulton Financial Corp (PA)",Financials
FWRD,"Forward Air Corp",Industrials
FXCM,"FXCM Corp.",Financials
GAS,"AGL Resources",Utilities
GB,"Greatbatch Inc","Health Care"
GBCI,"Glacier Bancorp Inc",Financials
GCI,"Gannett Co Inc","Consumer Discretionary"
GCO,"Genesco Inc","Consumer Discretionary"
GD,"General Dynamics",Industrials
GDOT,"Green Dot Corp.",Financials
GE,"General Electric Co",Industrials
GEF,"Greif Bros Corp",Materials
GEO,"Geo Group Inc",Industrials
GEOS,"Geospace Technologies Corporation",Energy
GES,"Guess? Inc","Consumer Discretionary"
GFF,"Griffon Corp",Industrials
GGG,"Graco Inc",Industrials
GGP,"General Growth Properties Inc.",Financials
GHC,"Graham Holdings Company","Consumer Discretionary"
GHL,"Greenhill & Co Inc",Financials
GIFI,"Gulf Island Fabrication Inc",Energy
GIII,"G-III Apparel Group Ltd.","Consumer Discretionary"
GILD,"Gilead Sciences Inc","Health Care"
GIS,"General Mills Inc","Consumer Staples"
GK,"G & K Services Cl'A'",Industrials
GLT,"P.H. Glatfelter Company",Materials
GLW,"Corning Inc","Information Technology"
GM,"General Motors Co.","Consumer Discretionary"
GMCR,"Green Mountain Coffee Roasters Inc","Consumer Staples"
GME,"GameStop Corp A","Consumer Discretionary"
GMT,"GATX Corp",Industrials
GNCMA,"General Communication A","Telecommunications Services"
GNTX,"Gentex Corp","Consumer Discretionary"
GNW,"Genworth Financial Inc",Financials
GOOG,"Google Inc","Information Technology"
GOV,"Government Properties Income Trust",Financials
GPC,"Genuine Parts Co","Consumer Discretionary"
GPI,"Group 1 Automotive Inc","Consumer Discretionary"
GPN,"Global Payments Inc","Information Technology"
GPOR,"Gulfport Energy Corp.",Energy
GPRE,"Green Plains Renewable Energy",Energy
GPS,"Gap Inc","Consumer Discretionary"
GRMN,"Garmin Ltd.","Consumer Discretionary"
GS,"Goldman Sachs Group Inc",Financials
GSM,"Globe Specialty Metals, Inc.",Materials
GT,"Goodyear Tire & Rubber Co","Consumer Discretionary"
GTAT,"GT Advanced Technologies Inc.","Information Technology"
GTIV,"Gentiva Health Svcs","Health Care"
GTY,"Getty Realty Corp.",Financials
GVA,"Granite Construction Inc",Industrials
GWR,"Genesee & Wyoming Inc.",Industrials
GWW,"Grainger	Industrials",
GXP,"Great Plains Energy Inc",Utilities
GY,"GenCorp Inc",Industrials
HAE,"Haemonetics Corp","Health Care"
HAFC,"Hanmi Financial Corp",Financials
HAIN,"Hain Celestial Group Inc","Consumer Staples"
HAL,"Halliburton Co",Energy
HAR,"Harman Intl Industries Inc","Consumer Discretionary"
HAS,"Hasbro Inc","Consumer Discretionary"
HAYN,"Haynes International Inc.",Materials
HBAN,"Huntington Bancshares (OH)",Financials
HBHC,"Hancock Hldgs Co",Financials
HBI,"Hanesbrands Inc","Consumer Discretionary"
HCBK,"Hudson City Bancorp",Financials
HCC,"HCC Insurance Hldgs Inc",Financials
HCI,"HCI Group Inc.",Financials
HCN,"Health Care REIT Inc",Financials
HCP,"HCP Inc",Financials
HCSG,"Healthcare Services Group Inc",Industrials
HD,"Home Depot Inc","Consumer Discretionary"
HE,"Hawaiian Electric Industries",Utilities
HELE,"Helen of Troy Ltd","Consumer Discretionary"
HES,"Hess Corp",Energy
HF,"HFF Inc.",Financials
HFC,"HollyFrontier Corp.",Energy
HGR,"Hanger Orthopedic Group Inc","Health Care"
HHS,"Harte-Hanks Inc","Consumer Discretionary"
HI,"Hillenbrand Inc","Consumer Discretionary"
HIBB,"Hibbett Sports Inc","Consumer Discretionary"
HIG,"Hartford Finl Services Group",Financials
HII,"Huntington Ingalls Industries Inc.",Industrials
HITT,"Hittite Microwave Corp","Information Technology"
HIW,"Highwoods Properties",Financials
HLIT,"Harmonic Inc","Information Technology"
HLX,"Helix Energy Solutions Group Inc",Energy
HME,"Home Properties of New York",Financials
HMN,"Horace Mann Educators",Financials
HMSY,"HMS Holdings Corp","Health Care"
HNI,"HNI Corp",Industrials
HNT,"Health Net Inc","Health Care"
HOG,"Harley-Davidson Inc","Consumer Discretionary"
HOLX,"Hologic Inc","Health Care"
HOMB,"Home Bancshares",Financials
HON,"Honeywell Intl Inc",Industrials
HOS,"Hornbeck Offshore Services",Energy
HOT,"Starwood Hotel & Resort World","Consumer Discretionary"
HP,"Helmerich & Payne Inc",Energy
HPQ,"Hewlett-Packard Co","Information Technology"
HPT,"Hospitality Properties Trust",Financials
HPY,"Heartland Payment Systems","Information Technology"
HR,"Healthcare Realty Trust",Financials
HRB,"Block H & R Inc","Consumer Discretionary"
HRC,"Hill-Rom Holdings Inc","Health Care"
HRL,"Hormel Foods Corp","Consumer Staples"
HRS,"Harris Corp","Information Technology"
HSC,"Harsco Corp",Industrials
HSH,"The Hillshire Brands Co.","Consumer Staples"
HSIC,"Schein	Health Care",
HSII,"Heidrick & Struggles Intl Inc",Industrials
HSNI,"HSN Inc","Consumer Discretionary"
HSP,"Hospira	Health Care",
HST,"Host Hotels & Resorts Inc",Financials
HSTM,"HealthStream Inc.","Health Care"
HSY,"Hershey Foods Corp","Consumer Staples"
HTLD,"Heartland Express Inc",Industrials
HUB_B,"Hubbell Inc B",Industrials
HUBG,"Hub Group Inc A",Industrials
HUM,"Humana Inc","Health Care"
HVT,"Haverty Furniture","Consumer Discretionary"
HW,"Headwaters Inc",Materials
HWAY,"Healthways Inc","Health Care"
HWKN,"Hawkins Inc.",Materials
HZO,"MarineMax Inc","Consumer Discretionary"
IART,"Integra Lifesciences Hldg","Health Care"
IBKR,"Interactive Brokers Group A",
IBM,"Intl Business Machines Corp","Information Technology"
IBOC,"Intl Bancshares Corp",Financials
ICE,IntercontinentalExchange,Financials
ICON,"Iconix Brand Group","Consumer Discretionary"
ICUI,"ICU Medical Inc","Health Care"
IDA,"IDACORP Inc",Utilities
IDCC,"InterDigital Inc.","Information Technology"
IDTI,"Integrated Device Technology","Information Technology"
IDXX,"IDEXX Laboratories Inc","Health Care"
IEX,"IDEX Corp",Industrials
IFF,"Intl Flavors & Fragrances",Materials
IGT,"Intl Game Technology","Consumer Discretionary"
IGTE,"iGATE Corp.","Information Technology"
IILG,"Interval Leisure Group","Consumer Discretionary"
IIVI,"II-VI Inc",Industrials
IM,"Ingram Micro Inc A","Information Technology"
INDB,"Independent Bank Cp (MA)",Financials
INFA,"Informatica Corp","Information Technology"
INGR,"Ingredion Inc.","Consumer Staples"
ININ,"Interactive Intelligence Inc",Technology
INT,"World Fuel Services Corp",Energy
INTC,"Intel Corp","Information Technology"
INTU,"Intuit Inc","Information Technology"
IO,"ION Geophysical Corp",Energy
IP,"Intl Paper Co",Materials
IPAR,"Inter Parfums Inc.","Consumer Staples"
IPCC,"Infinity Property & Casualty Ins Corp",Financials
IPCM,"IPC The Hospitalist Co Inc","Health Care"
IPG,"Interpublic Group Cos","Consumer Discretionary"
IPHS,"Innophos Holdings",Materials
IPI,"Intrepid Potash Inc","Basic Materials"
IPXL,"Impax Laboratories","Health Care"
IR,"Ingersoll-Rand plc",Industrials
IRBT,"iRobot Corp.","Consumer Discretionary"
IRC,"Inland Real Estate Corp",Financials
IRF,"Intl Rectifier Corp","Information Technology"
IRM,"Iron Mountain Inc",Industrials
ISCA,"Intl Speedway Corp A","Consumer Discretionary"
ISIL,"Intersil Corp A","Information Technology"
ISRG,"Intuitive Surgical Inc","Health Care"
IT,"Gartner Inc","Information Technology"
ITG,"Investment Technology Group",Financials
ITRI,"Itron Inc","Information Technology"
ITT,"ITT Corporation",Industrials
ITW,"Illinois Tool Works Inc",Industrials
IVAC,"Intevac Inc","Information Technology"
IVC,"Invacare Corp","Health Care"
IVZ,"Invesco Ltd",Financials
JACK,"Jack in the Box Inc","Consumer Discretionary"
JAH,"Jarden Corp.","Consumer Discretionary"
JAKK,"JAKKS Pacific Inc","Consumer Discretionary"
JBHT,"Hunt	Industrials",
JBL,"Jabil Circuit Inc","Information Technology"
JBLU,"JetBlue Airways Corp",Industrials
JBT,"John Bean Technologies Corp",Industrials
JCI,"Johnson Controls Inc","Consumer Discretionary"
JCOM,"J2 Global Communications Inc","Information Technology"
JCP,"Penney	Consumer Discretionary",
JDSU,"JDS Uniphase Corp","Information Technology"
JEC,"Jacobs Engineering Group Inc",Industrials
JJSF,"J&J Snack Foods","Consumer Staples"
JKHY,"Henry	Information Technology",
JLL,"Jones Lang Lasalle Inc",Financials
JNJ,"Johnson & Johnson","Health Care"
JNPR,"Juniper Networks Inc","Information Technology"
JNS,"Janus Capital Group Inc",Financials
JOY,"Joy Global Inc",Industrials
JPM,"JP Morgan Chase & Co",Financials
JW_A,"John Wiley & Sons	Consumer Discretionary",
JWN,"Nordstrom Inc","Consumer Discretionary"
K,"Kellogg Co","Consumer Staples"
KALU,"Kaiser Aluminum",
KAMN,"Kaman Corp A",Industrials
KATE,"Kate Spade & Company","Consumer Discretionary"
KBH,"KB Home","Consumer Discretionary"
KBR,"KBR Inc",Industrials
KELYA,"Kelly Services A",Industrials
KEX,"Kirby Corp",Industrials
KEY,KeyCorp,Financials
KFY,"Korn Ferry Intl",Industrials
KIM,"Kimco Realty Corp",Financials
KIRK,"Kirkland's Inc",
KLAC,"KLA-Tencor Corporation","Information Technology"
KLIC,"Kulicke & Soffa Industries","Information Technology"
KMB,Kimberly-Clark,"Consumer Staples"
KMI,"Kinder Morgan, Inc.",Energy
KMPR,"Kemper Corporation",Financials
KMT,"Kennametal Inc",Industrials
KMX,"Carmax Inc","Consumer Discretionary"
KN,"Knowles Corp.","Information Technology"
KND,"Kindred Healthcare Inc","Health Care"
KNX,"Knight Transportation Inc",Industrials
KO,"Coca-Cola Co","Consumer Staples"
KOP,"Koppers Holdings Inc.",Materials
KOPN,"Kopin Corp","Information Technology"
KORS,"Michael Kors Holdings Limited","Consumer Discretionary"
KR,"Kroger Co","Consumer Staples"
KRA,"Kraton Performance Polymers Inc.",Materials
KRC,"Kilroy Realty Corp",Financials
KRFT,"Kraft Foods Group Inc.","Consumer Staples"
KRG,"Kite Realty Group Trust",Financials
KS,"KapStone Paper and Packaging Corp.",Materials
KSS,"Kohl's Corp","Consumer Discretionary"
KSU,"Kansas City Southern Inc",Industrials
KWR,"Quaker Chemical Corp",Materials
L,"Loews Corp",Financials
LAD,"Lithia Motors Inc A","Consumer Discretionary"
LAMR,"Lamar Advertising Co A","Consumer Discretionary"
LANC,"Lancaster Colony Corp","Consumer Staples"
LB,"L Brands, Inc.","Consumer Discretionary"
LCI,"Lannett Company Inc.","Health Care"
LDL,"Lydall Inc",Industrials
LDOS,"Leidos Holdings, Inc.","Information Technology"
LDR,"Landauer Inc","Health Care"
LECO,"Lincoln Electric Hldgs",Industrials
LEG,"Leggett & Platt","Consumer Discretionary"
LEN,"Lennar Corp","Consumer Discretionary"
LFUS,"Littelfuse Inc","Information Technology"
LG,"Laclede Group Inc",Utilities
LGND,"Ligand Pharmaceuticals Inc.","Health Care"
LH,"Lab Corp of America Hldgs","Health Care"
LHCG,"LHC Group","Health Care"
LHO,"LaSalle Hotel Properties SBI",Financials
LII,"Lennox International Inc",Industrials
LKQ,"LKQ Corp","Consumer Discretionary"
LL,"Lumber Liquidators Holdings Inc",Services
LLL,"L-3 Communications Holdings",Industrials
LLTC,"Linear Technology Corp","Information Technology"
LLY,"Lilly	Health Care",
LM,"Legg Mason Inc",Financials
LMNX,"Luminex Corp.","Health Care"
LMOS,"Lumos Networks Corp.",Telecommunications
LMT,"Lockheed Martin",Industrials
LNC,"Lincoln National Corp",Financials
LNCE,"Lance Inc","Consumer Staples"
LNN,"Lindsay Corporation",Industrials
LNT,"Alliant Energy Corp",Utilities
LO,"Lorillard Inc","Consumer Staples"
LOGM,"LogMeIn Inc.","Information Technology"
LOW,"Lowe's Cos Inc","Consumer Discretionary"
LPNT,"Lifepoint Hospitals","Health Care"
LPSN,"LivePerson Inc.","Information Technology"
LPT,"Liberty Property Trust",Financials
LPX,"Louisiana Pacific Corp",Materials
LQDT,"Liquidity Services",
LRCX,"Lam Research Corp","Information Technology"
LSTR,"Landstar System Inc",Industrials
LTC,"LTC Properties",Financials
LTM,"Life Time Fitness Inc","Consumer Discretionary"
LUK,"Leucadia National Corp (NY)",Financials
LUV,"Southwest Airlines Co",Industrials
LXK,"Lexmark International Inc","Information Technology"
LXP,"Lexington Realty Trust",Financials
LXU,"LSB Industries Inc","Consumer Goods"
LYB,"LyondellBasell Industries NV",Materials
LYV,"Live Nation Entertainment	Consumer Discretionary",
LZB,"La-Z Boy Inc","Consumer Discretionary"
M,"Macy's Inc","Consumer Discretionary"
MA,"Mastercard Inc A","Information Technology"
MAA,"Mid-America Apt Communties",Financials
MAC,"Macerich Co",Financials
MAN,"Manpower Inc",Industrials
MANH,"Manhattan Associates Inc","Information Technology"
MANT,"Mantech Intl Corp A","Information Technology"
MAR,"Marriott Intl A","Consumer Discretionary"
MAS,"Masco Corp",Industrials
MASI,"Masimo Corp","Health Care"
MAT,"Mattel Inc","Consumer Discretionary"
MATW,"Matthews Intl Corp A","Consumer Discretionary"
MATX,"Matson Inc.",Financials
MBFI,"MB Financial Inc.",Financials
MCD,"McDonald's Corp","Consumer Discretionary"
MCF,"Contango Oil & Gas Co.",Energy
MCHP,"Microchip Technology Inc","Information Technology"
MCK,"McKesson Corp","Health Care"
MCO,"Moody's Corp",Financials
MCRI,"Monarch Casino & Resort Inc","Consumer Discretionary"
MCRL,"Micrel Inc","Information Technology"
MCRS,"MICROS Systems Inc","Information Technology"
MCS,"Marcus Corp","Consumer Discretionary"
MCY,"Mercury General Corp",Financials
MD,"Mednax Inc","Health Care"
MDC,"MDC Holdings Inc","Consumer Discretionary"
MDCO,"The Medicines Company","Health Care"
MDLZ," Mondelez International Inc","Consumer Staples"
MDP,"Meredith Corp","Consumer Discretionary"
MDRX,"Allscript Healthcare Solutions Inc",
MDSO,"Medidata Solutions, Inc.","Health Care"
MDT,"Medtronic Inc","Health Care"
MDU,"MDU Resources Group Inc",Utilities
MEAS,"Measurement Specialties Inc.","Information Technology"
MED,"Medifast Inc",Services
MEI,"Methode Electronics Inc","Information Technology"
MENT,"Mentor Graphics Corp","Information Technology"
MET,"Metlife Inc",Financials
MGAM,"Multimedia Games Inc","Consumer Discretionary"
MGLN,"Magellan Health Services","Health Care"
MHFI,"McGraw-Hill Cos Inc","Consumer Discretionary"
MHK,"Mohawk Industries Inc","Consumer Discretionary"
MHO,"M_I Schottenstein Homes","Consumer Discretionary"
MIG,"Meadowbrook Insurance Group Inc.",Financials
MINI,"Mobile Mini Inc",Industrials
MJN,"Mead Johnson Nutrition Co","Consumer Goods"
MKC,"McCormick & Co","Consumer Staples"
MKSI,"MKS Instruments Inc","Information Technology"
MKTX,"MarketAxess Holdings Inc.",Financials
MLHR,"Miller	Industrials",
MLI,"Mueller Industries",Industrials
MLM,"Martin Marietta Materials",Materials
MMC,"Marsh & McLennan Companies",Financials
MMM,"3M Co",Industrials
MMS,"MAXIMUS Inc","Information Technology"
MMSI,"Merit Medical Systems Inc","Health Care"
MNK,"Mallinckrodt plc","Health Care"
MNRO,"Monro Muffler Brake","Consumer Discretionary"
MNST,"Monster Beverage Corporation","Consumer Staples"
MNTA,"Momenta Pharmaceuticals, Inc.","Health Care"
MO,"Altria Group Inc","Consumer Staples"
MOG_A,"Moog Inc A",Industrials
MOH,"Molina Healthcare","Health Care"
MON,"Monsanto Co.",Materials
MOS,"The Mosaic Company",Materials
MOV,"Movado Group Inc","Consumer Discretionary"
MPC,"Marathon Petroleum Corp.",Energy
MPW,"Medical Properties Trust",Financials
MPWR,"Monolitic Power Systems",
MRCY,"Mercury Computer Systems Inc","Information Technology"
MRK,"Merck & Co Inc","Health Care"
MRO,"Marathon Oil Corp",Energy
MS,"Morgan Stanley",Financials
MSA,"Mine Safety Appliances",Industrials
MSCC,"Microsemi Corp","Information Technology"
MSCI,"MSCI Inc-A",
MSFT,"Microsoft Corp","Information Technology"
MSI,"Motorola Inc","Information Technology"
MSM,"MSC Industrial Direct A",Industrials
MSTR,"MicroStrategy Inc A",Technology
MTB,"M&T Bank Corp",Financials
MTD,"Mettler-Toledo Intl","Health Care"
MTH,"Meritage Corp","Consumer Discretionary"
MTRN,"Materion Corp.",Materials
MTRX,"Matrix Service Co",Energy
MTSC,"MTS Systems Corp","Information Technology"
MTX,"Minerals Technologies Inc",Materials
MU,"Micron Technology Inc","Information Technology"
MUR,"Murphy Oil Corp",Energy
MUSA,"Murphy USA Inc.","Consumer Discretionary"
MW,"Men's Wearhouse Inc","Consumer Discretionary"
MWIV,"MWI Veterinary Supply","Health Care"
MWV,"MeadWestvaco Corp",Materials
MWW,"Monster Worldwide Inc",Industrials
MYE,"Myers Industries Inc",Materials
MYL,"Mylan Inc.","Health Care"
NANO,"Nanometrics Inc.","Information Technology"
NATI,"National Instruments Corp","Information Technology"
NAVG,"Navigators Group Inc",Financials
NAVI,"Navient Corp.",Finance
NBL,"Noble Energy Inc",Energy
NBR,"Nabors Industries Ltd",Energy
NBTB,"NBT Bancorp Inc (NY)",Financials
NCI,"Navigant Consulting Co",Industrials
NCR,"NCR Corp","Information Technology"
NDAQ,"Nasdaq OMX Group_The",Financials
NDSN,"Nordson Corp",Industrials
NE,"Noble Corp.",Energy
NEE,"NextEra Energy Inc",Utilities
NEM,"Newmont Mining Corp",Materials
NEOG,"Neogen Corp","Health Care"
NEU,"NewMarket Corp",Materials
NEWP,"Newport Corp","Information Technology"
NFG,"National Fuel Gas",Utilities
NFLX,"NetFlix Inc","Consumer Discretionary"
NFX,"Newfield Exploration Co",Energy
NI,"Nisource Inc",Utilities
NILE,"Blue Nile Inc","Consumer Discretionary"
NJR,"New Jersey Resources Corp",Utilities
NKE,"NIKE Inc B","Consumer Discretionary"
NLSN,"Nielsen Holdings N.V.",Industrials
NNN,"National Retail Properties Inc",Financials
NOC,"Northrop Grumman Corp",Industrials
NOG,"Northern Oil and Gas Inc.",Energy
NOV,"National Oilwell Varco Inc",Energy
NP,"Neenah Paper Inc",Materials
NPBC,"National Penn Bancshares (PA)",Financials
NPK,"National Presto Industries","Consumer Discretionary"
NPO,"EnPro Industries Inc",Industrials
NR,"Newpark Resources Inc.",Energy
NRG,"NRG Energy",Utilities
NSC,"Norfolk Southern Corp",Industrials
NSIT,"Insight Enterprises Inc","Information Technology"
NSP,"Insperity, Inc.",Industrials
NSR,NeuStar,"Information Technology"
NTAP,"NetApp Inc","Information Technology"
NTCT,"Netscout Systems Inc","Information Technology"
NTGR,"Netgear Inc","Information Technology"
NTLS,"NTELOS Hldg",Technology
NTRI,"NutriSystem	Consumer Discretionary",
NTRS,"Northern Trust Corp (IL)",Financials
NU,"Northeast Utilities",Utilities
NUE,"Nucor Corp",Materials
NUVA,"NuVasive Inc.","Health Care"
NVDA,"Nvidia Corp","Information Technology"
NVR,"NVR Inc","Consumer Discretionary"
NWBI,"Northwest Bancshares Inc.",Financials
NWE,"Northwestern Corp",Utilities
NWL,"Newell Rubbermaid Inc","Consumer Discretionary"
NWN,"Northwest Natural Gas Co",Utilities
NWSA,"News Corporation","Consumer Discretionary"
NX,"Quanex Building Products Corporation",Industrials
NYCB,"New York Community Bancorp Inc",Financials
NYT,"New York Times Co A","Consumer Discretionary"
O,"Realty Income Corp",Financials
OCR,"Omnicare Inc","Health Care"
ODFL,"Old Dominion Freight Line Inc",Industrials
ODP,"Office Depot Inc","Consumer Discretionary"
OFC,"Corporate Office Properties Trust",Financials
OGE,"OGE Energy Corp",Utilities
OGS,"ONE Gas Inc.",Utilities
OHI,"Omega Healthcare Investors",Financials
OI,"Owens-Illinois Inc",Materials
OII,"Oceaneering Intl Inc",Energy
OIS,"Oil States Intl Inc",Energy
OKE,"ONEOK Inc",Utilities
OLN,"Olin Corp",Materials
OMC,"Omnicom Group","Consumer Discretionary"
OMCL,"Omnicell Inc","Health Care"
OMG,"OM Group",Materials
OMI,"Owens & Minor Inc","Health Care"
ONB,"Old National Bancorp (DE)",Financials
ONE,"Higher One Holdings","Information Technology"
OPEN,"OpenTable, Inc","Information Technology"
OPLK,"Oplink Communications, Inc.","Information Technology"
ORB,"Orbital Sciences Corp",Industrials
ORCL,"Oracle Corp","Information Technology"
ORI,"Old Republic Intl Corp",Financials
ORIT,"Oritani Financial Corp.",Financials
ORLY,"O'Reilly Automotive","Consumer Discretionary"
ORN,"ORION MARINE GRP",
OSIS,"OSI Systems Inc",Technology
OSK,"Oshkosh Corporation",Industrials
OUTR,"Outerwall Inc.","Consumer Discretionary"
OXM,"Oxford Industries Inc","Consumer Discretionary"
OXY,"Occidental Petroleum",Energy
OZRK,"Bank of the Ozarks Inc.",Financials
PACW,"PacWest Bancorp",Financials
PAY,"VeriFone Systems Inc.","Information Technology"
PAYX,"Paychex Inc","Information Technology"
PB,"Prosperity Bancshares Inc",Financials
PBCT,"People's United Financial Inc",Financials
PBH,"Prestige Brands Holdings Inc.","Consumer Staples"
PBI,"Pitney Bowes Inc",Industrials
PBY,"Pep Boys-Manny	Consumer Discretionary",
PCAR,"PACCAR Inc",Industrials
PCG,"PG&E Corporation",Utilities
PCH,"Potlatch Corp",Financials
PCL,"Plum Creek Timber Co",Financials
PCLN,"Priceline.com Inc","Consumer Discretionary"
PCP,"Precision Castparts Corp",Industrials
PDCE,"PDC Energy, Inc.",Energy
PDCO,"Patterson Cos Inc","Health Care"
PEG,"Public Service Enterprise Grp",Utilities
PEI,"Pennsylvania Real Estate",Financials
PEP,"PepsiCo Inc","Consumer Staples"
PERY,"Perry Ellis Intl Corp","Consumer Discretionary"
PES,"Pioneer Energy Services Corp.",Energy
PETM,"PETsMART Inc","Consumer Discretionary"
PETS,"PetMed Express.com Inc","Consumer Discretionary"
PFE,"Pfizer Inc","Health Care"
PFG,"Principal Financial Group",Financials
PFS,"Provident Financial Services Inc.",Financials
PG,"Procter & Gamble","Consumer Staples"
PGR,"Progressive Corp",Financials
PGTI,"PGT Inc.",Industrials
PH,"Parker-Hannifin Corp",Industrials
PHM,"Pulte Group Inc","Consumer Discretionary"
PII,"Polaris Inds Inc","Consumer Discretionary"
PJC,"Piper Jaffray Cos",Financials
PKE,"Park Electrochemical","Information Technology"
PKG,"Packaging Corp of America",Materials
PKI,"PerkinElmer Inc","Health Care"
PKT,"Procera Networks, Inc.","Information Technology"
PKY,"Parkway Properties Inc (MD)",Financials
PL,"Protective Life Corp",Financials
PLCE,"Children's Place Retail Stores","Consumer Discretionary"
PLCM,"Polycom Inc","Information Technology"
PLD,"Prologis (AMB Property Corp)",Financials
PLL,"Pall Corp",Industrials
PLT,"Plantronics Inc","Information Technology"
PLXS,"Plexus Corp","Information Technology"
PM,"Philip Morris International","Consumer Staples"
PMC,"PharMerica Corp","Health Care"
PNC,"PNC Finl Services Group",Financials
PNFP,"Pinnacle Financial",Financials
PNK,"Pinnacle Entertainment Inc","Consumer Discretionary"
PNM,"PNM Resources Inc",Utilities
PNR,"Pentair Inc",Industrials
PNRA,"Panera Bread Co A","Consumer Discretionary"
PNW,"Pinnacle West Capital (AZ)",Utilities
PNY,"Piedmont Natural Gas Inc",Utilities
POL,"PolyOne Corp",Materials
POM,"Pepco Holdings Inc",Utilities
POOL,"Pool Corp","Consumer Discretionary"
POST,"Post Holdings, Inc.","Consumer Staples"
POWI,"Power Integrations Inc.","Information Technology"
POWL,"Powell Industries","Industrial Goods"
PPG,"PPG Industries Inc",Materials
PPL,"PPL Corp",Utilities
PPS,"Post Properties Inc",Financials
PQ,"Petroquest Energy Inc",Energy
PRA,"ProAssurance Corp",Financials
PRAA,"Portfolio Recovery Associates Inc",Financials
PRFT,"Perficient Inc","Information Technology"
PRGO,"Perrigo Co","Health Care"
PRGS,"Progress Software Corp","Information Technology"
PRI,"Primerica Inc.",Financials
PRU,"Prudential Financial Inc",Financials
PRXL,"PAREXEL Intl Corp","Health Care"
PSA,"Public Storage",Financials
PSB,"PS Business Parks Inc",Financials
PSEM,"Pericom Semiconductor Corp","Information Technology"
PSX,"Phillips 66",Energy
PTC,"PTC Inc.","Information Technology"
PTEN,"Patterson-UTI Energy Inc",Energy
PVA,"Penn Virginia Corp",Energy
PVH,"Phillips-Van Heusen Corp","Consumer Discretionary"
PVTB,"PrivateBancorp Inc",Financials
PWR,"Quanta Services Inc",Industrials
PX,"Praxair Inc",Materials
PXD,"Pioneer Natural Resources",Energy
PZZA,"Papa John's Intl Inc","Consumer Discretionary"
QCOM,"QUALCOMM Inc","Information Technology"
QCOR,"Questcor Pharmaceuticals Inc.","Health Care"
QEP,"QEP Resources",
QLGC,"QLogic Corp","Information Technology"
QNST,"QuinStreet, Inc.","Information Technology"
QSII,"Quality Systems Inc","Health Care"
R,"Ryder System Inc",Industrials
RAI,"Reynolds American Inc","Consumer Staples"
RAX,"Rackspace Hosting Inc",
RBC,"Regal Beloit Corp",Industrials
RBCN,"Rubicon Technology Inc.","Information Technology"
RCII,"Rent-A-Center Inc","Consumer Discretionary"
RDC,"Rowan Companies Inc",Energy
RE,"Everest Re Group Ltd",Financials
RECN,"Resources Connection Inc.",Industrials
REG,"Regency Centers Corp",Financials
REGN,"Regeneron Pharmaceuticals Inc","Health Care"
RF,"Regions Financial Corp",Financials
RFMD,"RF Micro Devices Inc","Information Technology"
RGA,"Reinsurance Group of America",Financials
RGEN,"Repligen Corporation","Health Care"
RGLD,"Royal Gold, Inc.",Materials
RGR,"Sturm	Consumer Discretionary",
RGS,"Regis Corp","Consumer Discretionary"
RHI,"Robert Half Intl Inc",Industrials
RHT,"Red Hat Inc","Information Technology"
RIG,"Transocean Ltd.",Energy
RJF,"Raymond James Financial Inc",Financials
RKT,"Rock-Tenn A",Materials
RL,"Polo Ralph Lauren A","Consumer Discretionary"
RLI,"RLI Corp",Financials
RMD,"ResMed Inc","Health Care"
RNR,"RenaissanceRe Holdings Ltd.",Finance
ROCK,"Gibraltar Industries Inc",Industrials
ROG,"Rogers Corp","Information Technology"
ROIC,"Retail Opportunity Investments Corp.",Financials
ROK,"Rockwell Automation Inc",Industrials
ROL,"Rollins Inc",Industrials
ROP,"Roper Industries Inc",Industrials
ROSE,"Rosetta Resources Inc.",Energy
ROST,"Ross Stores Inc","Consumer Discretionary"
ROVI,"Rovi Corp","Information Technology"
RPM,"RPM International Inc.",Materials
RRC,"Range Resources Corp",Energy
RRD,"Donnelley	Industrials",
RRGB,"Red Robin Gourmet Burgers","Consumer Discretionary"
RRTS,"Roadrunner Transportation Systems Inc.",Industrials
RS,"Reliance Steel & Aluminum",Materials
RSG,"Republic Services Inc",Industrials
RSTI,"Rofin-Sinar Technologies Inc.","Information Technology"
RT,"Ruby Tuesday Inc","Consumer Discretionary"
RTEC,"Rudolph Technologies Inc","Information Technology"
RTI,"RTI International Metals Inc",Materials
RTN,"Raytheon Co",Industrials
RUTH,"Ruth's Hospitality Group	Consumer Discretionary",
RVBD,"Riverbed Technology Inc.","Information Technology"
RYL,"Ryland Group Inc","Consumer Discretionary"
RYN,"Rayonier Inc",Financials
SAFM,"Sanderson Farms","Consumer Staples"
SAFT,"Safety Insurance Group Inc",Financials
SAH,"Sonic Automotive A","Consumer Discretionary"
SAIA,"Saia Inc.",Industrials
SAIC,"Science Applications International Corp.","Consumer Discretionary"
SAM,"Boston Beer Inc A","Consumer Staples"
SANM,"Sanmina Corp.","Information Technology"
SBNY,"Signature Bank NY",Financials
SBRA,"Sabra Health Care REIT, Inc.",Financials
SBUX,"Starbucks Corp","Consumer Discretionary"
SCG,"SCANA Corp",Utilities
SCHL,"Scholastic Corp","Consumer Discretionary"
SCHW,"Schwab	Financials",
SCI,"Service Corp Intl","Consumer Discretionary"
SCL,"Stepan Co",Materials
SCOR,"Comscore Inc","Information Technology"
SCSC,"ScanSource Inc","Information Technology"
SCSS,"Select Comfort Corp.","Consumer Discretionary"
SE,"Spectra Energy Corp",Energy
SEE,"Sealed Air Corp",Materials
SEIC,"SEI Investments Corp",Financials
SENEA,"Seneca Foods Corp.","Consumer Staples"
SF,"Stifel Financial Corp",Financials
SFG,"StanCorp Financial Group Inc",Financials
SFNC,"Simmons 1st Natl Corp A",Financials
SFY,"Swift Energy Co",Energy
SGMS,"Scientific Games Corp A","Consumer Discretionary"
SGY,"Stone Energy Corp",Energy
SHLM,"Schulman	Materials",
SHOO,"Steven Madden Ltd",
SHW,"Sherwin-Williams Co","Consumer Discretionary"
SIAL,"Sigma-Aldrich Corp",Materials
SIG,"Signet Jewelers Limited","Consumer Discretionary"
SIGI,"Selective Insurance Group Inc",Financials
SIRO,"Sirona Dental Systems Inc.","Health Care"
SIVB,"SVB Financial Group",Financials
SJI,"South Jersey Industries Inc",Utilities
SJM,"Smucker	Consumer Staples",
SKT,"Tanger Factory Outlet Centers",Financials
SKX,"Skechers USA Inc A","Consumer Discretionary"
SKYW,"SkyWest Inc",Industrials
SLAB,"Silicon Laboratories Inc","Information Technology"
SLB,"Schlumberger Ltd",Energy
SLCA,"U.S. Silica Holdings Inc.",Materials
SLG,"SL Green Realty Corp",Financials
SLGN,"Silgan Hldgs Inc","Consumer Goods"
SLH,"Solera Holdings Inc","Information Technology"
SLM,"SLM Corp",Financials
SLXP,"Salix Pharmaceuticals Ltd","Health Care"
SM,"SM Energy Co",Energy
SMA,"Symmetry Medical","Health Care"
SMCI,"Super Micro Computer, Inc.","Information Technology"
SMG,"Scotts Co A",Materials
SMP,"Standard Motor Products","Consumer Discretionary"
SMRT,"Stein Mart Inc","Consumer Discretionary"
SMTC,"Semtech Corp","Information Technology"
SNA,"Snap On Inc",Industrials
SNCR,"Synchronoss Technologies Inc.","Information Technology"
SNDK,"SanDisk Corp","Information Technology"
SNH,"Senior Housing Properties Trst",Financials
SNI,"Scripps Networks Interactive","Consumer Discretionary"
SNPS,"Synopsys Inc","Information Technology"
SNV,"Synovus Financial Corp (GA)",Financials
SNX,"Synnex Corp","Information Technology"
SO,"Southern Co",Utilities
SON,"Sonoco Products Co",Materials
SONC,"Sonic Corp","Consumer Discretionary"
SPAR,"Spartan Motors Inc","Consumer Discretionary"
SPF,"Standard Pacific Corp","Consumer Discretionary"
SPG,"Simon Property Group",Financials
SPLS,"Staples Inc","Consumer Discretionary"
SPN,"Superior Energy Services Inc",Energy
SPPI,"Spectrum Pharmaceuticals, Inc.","Health Care"
SPTN,"Spartan Stores Inc","Consumer Staples"
SPW,"SPX Corp",Industrials
SRCL,"Stericycle Inc",Industrials
SRDX,"SurModics Inc","Health Care"
SRE,"Sempra Energy",Utilities
SSD,"Simpson Manufacturing Co Inc",Industrials
SSI,"Stage Stores Inc","Consumer Discretionary"
SSP,"EW Scripps Company","Consumer Discretionary"
SSS,"Sovran Self Storage",Financials
STBA,"S & T Bancorp Inc (IN)",Financials
STC,"Stewart Information Services A",Financials
STE,"STERIS Corp","Health Care"
STI,"SunTrust Banks Inc (GA)",Financials
STJ,"St Jude Medical Inc","Health Care"
STL,"Sterling Bancorp.",Financials
STLD,"Steel Dynamics Inc",Materials
STMP,"Stamps.com Inc","Consumer Discretionary"
STR,"Questar Corp",Utilities
STRA,"Strayer Education Inc","Consumer Discretionary"
STT,"State Street Corp",Financials
STX,"Seagate Technology plc","Information Technology"
STZ,"Constellation Brands Inc A","Consumer Staples"
SUNE,"SunEdison, Inc.","Information Technology"
SUP,"Superior Industries Intl","Consumer Discretionary"
SUSQ,"Susquehanna Bancshares (PA)",Financials
SVU,"Supervalu Inc","Consumer Staples"
SWC,"Stillwater Mining Co.",Materials
SWI,"SolarWinds Inc.","Information Technology"
SWK,"Stanley Black & Decker",Industrials
SWKS,"Skyworks Solutions Inc","Information Technology"
SWM,Schweitzer-Mauduit,Materials
SWN,"Southwestern Energy Co",Energy
SWS,"SWS Group Inc",Financials
SWX,"Southwest Gas Corp",Utilities
SWY,"Safeway Inc","Consumer Staples"
SXC,"SunCoke Energy Inc.",Materials
SXI,"Standex Intl Corp",Industrials
SXT,"Sensient Technologies Corp",Materials
SYK,"Stryker Corp","Health Care"
SYKE,"Sykes Enterprises Inc",Industrials
SYMC,"Symantec Corp","Information Technology"
SYNA,"Synaptics Inc","Information Technology"
SYY,"Sysco Corp","Consumer Staples"
SZMK,"Digital Generation, Inc.",Services
T,"AT&T Inc","Telecommunications Services"
TAP,"Molson Coors Brewing Co B","Consumer Staples"
TASR,"Taser International Inc.",Industrials
TAYC,"Taylor Capital Group",Financials
TBI,"TrueBlue Inc",Industrials
TCB,"TCF Financial Corp (MN)",Financials
TCBI,"Texas Capital Bancshares Inc.",Financials
TCO,"Taubman Centers Inc.",Financials
TDC,"Teradata Corp","Information Technology"
TDS,"Telephone & Data Systems Inc","Telecommunications Services"
TDW,"Tidewater Inc",Energy
TDY,"Teledyne Technologies Inc",Industrials
TE,"TECO Energy Inc",Utilities
TECD,"Tech Data Corp","Information Technology"
TECH,"Techne Corp","Health Care"
TEG,"Integrys Energy Group Inc",Utilities
TEL,"TE Connectivity Ltd.","Information Technology"
TER,"Teradyne Inc","Information Technology"
TESO,"Tesco Corp.",Energy
TEX,"Terex Corp",Industrials
TFX,"Teleflex Inc","Health Care"
TG,"Tredegar Corp",Industrials
TGI,"Triumph Group Inc",Industrials
TGT,"Target Corp","Consumer Discretionary"
THC,"Tenet Healthcare","Health Care"
THG,"Hanover Insurance Group Inc",Financials
THO,"Thor Industries Inc","Consumer Discretionary"
THOR,"Thoratec Corp","Health Care"
THS,"TreeHouse Foods Inc","Consumer Staples"
TIBX,"TIBCO Software Inc","Information Technology"
TIF,"Tiffany & Co","Consumer Discretionary"
TILE,"Interface Inc A",Industrials
TIME,"Time Inc.","Consumer Discretionary"
TJX,"TJX Cos Inc","Consumer Discretionary"
TKR,"Timken Co",Industrials
TMK,"Torchmark Corp",Financials
TMO,"Thermo Fisher Scientific","Health Care"
TMP,"Tompkins Financial Corporation",Financials
TNC,"Tennant Co.",Industrials
TNGO,"Tangoe Inc.","Information Technology"
TOL,"Toll Brothers Inc","Consumer Discretionary"
TPX,"Tempur-Pedic International Inc.","Consumer Discretionary"
TQNT,"Triquint Semiconductor","Information Technology"
TR,"Tootsie Roll Industries Inc","Consumer Staples"
TRAK,"DealerTrack Holdings","Information Technology"
TRIP,"TripAdvisor Inc.","Consumer Discretionary"
TRMB,"Trimble Navigation Ltd","Information Technology"
TRMK,"Trustmark Corp (MS)",Financials
TRN,"Trinity Industries Inc",Industrials
TROW,"T Rowe Price Group Inc",Financials
TRST,"Trustco Bank Corp (NY)",Financials
TRV,"Travelers Cos Inc",Financials
TSCO,"Tractor Supply Co","Consumer Discretionary"
TSN,"Tyson Foods Inc A","Consumer Staples"
TSO,"Tesoro Corp",Energy
TSRA,"Tessera Technologies",Technology
TSS,"Total System Services Inc","Information Technology"
TTC,"Toro Co",Industrials
TTEC,"TELETECH HOLDINGS INC","Information Technology"
TTEK,"Tetra Tech Inc",Industrials
TTI,"Tetra Technologies Inc",Energy
TTMI,"TTM Technologies Inc","Information Technology"
TTWO,"Take-Two Interactive Software","Information Technology"
TUES,"Tuesday Morning Corp","Consumer Discretionary"
TUP,"Tupperware Corp","Consumer Discretionary"
TW,"Towers Watson & Co",Services
TWC,"Time Warner Cable Inc","Consumer Discretionary"
TWI,"Titan International Inc.",Industrials
TWTC,"tw telecom inc",Technology
TWX,"Time Warner Inc","Consumer Discretionary"
TXI,"Texas Industries Inc",Materials
TXN,"Texas Instruments Inc","Information Technology"
TXRH,"Texas Roadhouse","Consumer Discretionary"
TXT,"Textron Inc",Industrials
TYC,"Tyco Intl",
TYL,"Tyler Technologies Inc","Information Technology"
TYPE,"Monotype Imaging Holdings Inc.","Information Technology"
UA,"Under Armour Inc A","Consumer Discretionary"
UBA,"Urstadt Biddle Prop Inc A",Financials
UBSI,"United Bankshares Inc (WV)",Financials
UCBI,"United Community Banks Inc GA",Financials
UDR,"UDR Inc",Financials
UEIC,"Universal Electronics Inc","Consumer Discretionary"
UFCS,"United Fire & Casualty Co",Financials
UFPI,"Universal Forest Products",Industrials
UFS,"Domtar Corp.",Materials
UGI,"UGI Corp",Utilities
UHS,"Universal Health Services B","Health Care"
UHT,"Universal Health Realty Trust",
UIL,"Uil Holdings Corp",Utilities
UMBF,"UMB Financial Corp",Financials
UMPQ,"Umpqua Hldgs Corp",Financials
UNF,"Unifirst Corp","Consumer Discretionary"
UNFI,"United Natural Foods Inc","Consumer Staples"
UNH,"Unitedhealth Group Inc","Health Care"
UNM,"Unum Group",Financials
UNP,"Union Pacific Corp",Industrials
UNS,"Unisource Energy Co",Utilities
UNT,"Unit Corp",Energy
UPS,"United Parcel Service Inc B",Industrials
URBN,"Urban Outfitters","Consumer Discretionary"
URI,"United Rentals Inc",Industrials
URS,"URS Corp",Industrials
USB,"US Bancorp",Financials
USMO,"USA Mobility Inc","Telecommunications Services"
USTR,"United Stationers Inc",Industrials
UTEK,"Ultratech Stepper Inc","Information Technology"
UTHR,"United Therapeutics Corp","Health Care"
UTI,"Universal Technical Institute","Consumer Discretionary"
UTIW,"UTi Worldwide Inc.",Industrials
UTX,"United Technologies Corp",Industrials
UVE,"Universal Insurance Holdings Inc.",Financials
UVV,"Universal Corp","Consumer Staples"
V,"Visa Inc",Services
VAC,"Marriott Vacations Worldwide Corp.","Consumer Discretionary"
VAL,"Valspar Corp",Materials
VAR,"Varian Medical Systems Inc","Health Care"
VDSI,"VASCO Data Security International, Inc.","Information Technology"
VECO,"Veeco Instruments Inc","Information Technology"
VFC,"VF Corp","Consumer Discretionary"
VIAB,"Viacom Inc B","Consumer Discretionary"
VICR,"Vicor Corp",Industrials
VIVO,"Meridian Bioscience Inc","Health Care"
VLO,"Valero Energy Corp",Energy
VLY,"Valley National Bancorp (NJ)",Financials
VMC,"Vulcan Materials Co",Materials
VMI,"Valmont Industries Inc",Industrials
VNO,"Vornado Realty Trust",Financials
VOXX,"Audiovox Corp A","Consumer Discretionary"
VPFG,"ViewPoint Financial Group, Inc",Financials
VRSN,"VeriSign Inc","Information Technology"
VRTS,"Virtus Investment Partners Inc.",Financials
VRTU,"Virtusa Corp.","Information Technology"
VRTX,"Vertex Pharmaceuticals Inc","Health Care"
VSAT,"ViaSat Inc","Information Technology"
VSH,"Vishay Intertechnology Inc","Information Technology"
VSI,"Vitamin Shoppe Inc.","Consumer Discretionary"
VTR,"Ventas Inc",Financials
VVC,"Vectren Corp",Utilities
VVI,"Viad Corp",Industrials
VZ,"Verizon Communications Inc","Telecommunications Services"
WAB,Wabtec,Industrials
WABC,"Westamerica Bancorporatn (CA)",Financials
WAFD,"Washington Fed Inc",Financials
WAG,"Walgreen Co","Consumer Staples"
WAGE,"WageWorks Inc.",Industrials
WAT,"Waters Corp","Health Care"
WBS,"Webster Financial Corp (CT)",Financials
WCG,"Wellcare Health Plans Inc","Health Care"
WCN,"Waste Connections Inc",Industrials
WDC,"Western Digital Corp","Information Technology"
WDFC,"WD-40 Co","Consumer Staples"
WDR,"Waddell & Reed Finl A",Financials
WEC,"Wisconsin Energy Corp",Utilities
WEN,"Wendy's_Arby's Group Inc","Consumer Discretionary"
WERN,"Werner Enterprises Inc",Industrials
WEX,"WEX Inc.","Information Technology"
WFC,"Wells Fargo & Co",Financials
WFM,"Whole Foods Market Inc","Consumer Staples"
WGL,"WGL Holdings Inc",Utilities
WGO,"Winnebago Industries Inc","Consumer Discretionary"
WHR,"Whirlpool Corp","Consumer Discretionary"
WIBC,"Wilshire Bancorp Inc",Financials
WIN,"Windstream Corp","Telecommunications Services"
WIRE,"Encore Wire Corp",Industrials
WLP,"WellPoint Inc","Health Care"
WM,"Waste Management Inc",Industrials
WMB,"Williams Cos Inc",Energy
WMT,"Wal-Mart Stores","Consumer Staples"
WOOF,"VCA Antech Inc","Health Care"
WOR,"Worthington Industries Inc",Materials
WPG,"Washington Prime Group Inc.",Finance
WPP,"Wausau Paper Corp.",Materials
WPX,"WPX Energy Inc.",Energy
WR,"Westar Energy Inc",Utilities
WRB,"WR Berkley Corp",Financials
WRI,"Weingarten Realty Investors",Financials
WRLD,"World Acceptance Corp",Financials
WSM,"Williams-Sonoma Inc","Consumer Discretionary"
WSO,"Watsco Inc",Industrials
WST,"West Pharmaceutical Services Inc","Health Care"
WTFC,"Wintrust Financial Corp",Financials
WTR,"Aqua America Inc",Utilities
WTS,"Watts Industries Inc A",Industrials
WU,"Western Union Co","Information Technology"
WWAV,"WhiteWave Foods","Consumer Staples"
WWD,"Woodward Governor Co",Industrials
WWW,"Wolverine World Wide Inc","Consumer Discretionary"
WY,"Weyerhaeuser Co",Materials
WYN,"Wyndham Worldwide Corp","Consumer Discretionary"
WYNN,"Wynn Resorts Ltd","Consumer Discretionary"
X,"United States Steel Corp",Materials
XEC,"Cimarex Energy Co",Energy
XEL,"Xcel Energy Inc",Utilities
XL,"XL Group Plc",Financials
XLNX,"Xilinx Inc","Information Technology"
XLS,"Exelis Inc.",Industrials
XOM,"Exxon Mobil Corp",Energy
XOXO,"XO Group, Inc.","Information Technology"
XRAY,"Dentsply Intl","Health Care"
XRX,"Xerox Corp","Information Technology"
XXIA,Ixia,"Information Technology"
XYL,"Xylem Inc.",Industrials
Y,"Alleghany Corp.",Financials
YHOO,"Yahoo Inc","Information Technology"
YUM,"Yum! Brands Inc","Consumer Discretionary"
ZBRA,"Zebra Technologies Corp A","Information Technology"
ZEP,"Zep Inc",Materials
ZEUS,"Olympic Steel",Materials
ZION,"Zions Bancorp (UT)",Financials
ZMH,"Zimmer Holdings Inc","Health Care"
ZQK,"Quiksilver Inc","Consumer Discretionary"
ZTS,"Zoetis Inc.","Health Care"
ZUMZ,Zumiez,"Consumer Discretionary"

